Surface ID,Project,Title,Category,Theme,Summary,Spatial_representation_type,File type,start_time,end_time,Time period,Temporal resolution,Frequency,Spatial resolution,Extent,Owner,Unit,CRS,No-data value,available,chooseable_in_map,Comments,Metadata last updated,Dataset last revised,MD_TopicCategoryCode,Lineage_statement,File identifier,catalogue_page,thumbnail,geoserver_layer,geoserver_style,default_basemap,Spatial resolution as integer,Spatial resolution unit,show_on_map,References,file_name,Local path to XML file,Hosted XML file
1,Europe,Annual NO2 25m,Physico-Chemical,Air pollution,No summary,grid,TIF,1-1-2000,31-12-2023,2000 - 2023,Annual,Every year,25x25m,Full EU,Kees de Hoogh,microgram per cubed meter,ETRS89-extended / LAEA Europe (EPSG: 3035),#NUM!,,"2000, 2013, 2023",,6-2-2026,8-1-2026,environment,No lineage information,expanse_project_exposome_maps_NO2B25_AAV_v2,Annual_NO2_25m,no2,NO2B25_AAV,NO2,,25,m,TRUE,"https://doi.org/10.1016/j.envint.2022.107485, https://doi.org/10.1016/j.scitotenv.2024.170550",NO2B25_AAV_XX_XX_%yr%_v2,C:/Users/5298954/Documents/Github_Repos/Exposome-Map-Documents/metadata_XMLs/metadata_Annual_NO2_25m.xml,https://utrechtuniversity.github.io/Exposome-Map-Documents/metadata_XMLs/metadata_Annual_NO2_25m.xml
2,Europe,Annual PM10 25m,Physico-Chemical,Air pollution,No summary,grid,TIF,1-1-2000,31-12-2023,2000 - 2023,Annual,Every year,25x25m,Full EU,Kees de Hoogh,microgram per cubed meter,ETRS89-extended / LAEA Europe (EPSG: 3035),#NUM!,,"2000, 2013, 2023",,6-2-2026,8-1-2026,environment,No lineage information,expanse_project_exposome_maps_P10B25_AAV_v2,Annual_PM10_25m,pm10,P10B25_AAV,P10,,25,m,TRUE,"https://doi.org/10.1016/j.envint.2022.107485, https://doi.org/10.1016/j.scitotenv.2024.170550",P10B25_AAV_XX_XX_%yr%_v2,C:/Users/5298954/Documents/Github_Repos/Exposome-Map-Documents/metadata_XMLs/metadata_Annual_PM10_25m.xml,https://utrechtuniversity.github.io/Exposome-Map-Documents/metadata_XMLs/metadata_Annual_PM10_25m.xml
3,Europe,Annual PM2.5 25m,Physico-Chemical,Air pollution,No summary,grid,TIF,1-1-2000,31-12-2023,2000 - 2023,Annual,Every year,25x25m,Full EU,Kees de Hoogh,microgram per cubed meter,ETRS89-extended / LAEA Europe (EPSG: 3035),#NUM!,,"2000, 2013, 2023",,6-2-2026,8-1-2026,environment,No lineage information,expanse_project_exposome_maps_P25B25_AAV_v2,Annual_PM2.5_25m,pm25,P25B25_AAV,P25,,25,m,TRUE,"https://doi.org/10.1016/j.envint.2022.107485, https://doi.org/10.1016/j.scitotenv.2024.170550",P25B25_AAV_XX_XX_%yr%_v2,C:/Users/5298954/Documents/Github_Repos/Exposome-Map-Documents/metadata_XMLs/metadata_Annual_PM25_25m.xml,https://utrechtuniversity.github.io/Exposome-Map-Documents/metadata_XMLs/metadata_Annual_PM25_25m.xml
4,Europe,Annual O3 25m,Physico-Chemical,Air pollution,No summary,grid,TIF,1-1-2000,31-12-2023,2000 - 2023,Annual,Every year,25x25m,Full EU,Kees de Hoogh,microgram per cubed meter,ETRS89-extended / LAEA Europe (EPSG: 3035),#NUM!,,"2000, 2013, 2023",,6-2-2026,8-1-2026,environment,No lineage information,expanse_project_exposome_maps_OZOB25_AAV_v2,Annual_O3_25m,o3,OZOB25_AAV,OZO,,25,m,TRUE,"https://doi.org/10.1016/j.envint.2022.107485, https://doi.org/10.1016/j.scitotenv.2024.170550",OZOB25_AAV_XX_XX_%yr%_v2,C:/Users/5298954/Documents/Github_Repos/Exposome-Map-Documents/metadata_XMLs/metadata_Annual_O3_25m.xml,https://utrechtuniversity.github.io/Exposome-Map-Documents/metadata_XMLs/metadata_Annual_O3_25m.xml
46,Europe,Monthly NO2 100m,Physico-Chemical,Air pollution,No summary,grid,TIF,1-1-2000,31-12-2019,2000 - 2019,Monthly,Every month,100x100m,"Austria, Belgium, Czechia, Denmark, Estonia, France, Germany, Greece, Italy, Liechtenstein, Netherlands, Norway, Poland, Spain, Sweden, Switzerland, United Kingdom",Kees de Hoogh,microgram per cubed meter,ETRS89-extended / LAEA Europe (EPSG: 3035),#NUM!,,"01-01-2019, 01-06-2019, 01-12-2019",,4-3-2026,8-1-2026,environment,No lineage information,expanse_project_exposome_maps_NO2B100_MAV_v2,Monthly_NO2_100m,no2_monthly,NO2B100_MAV,NO2,,100,m,TRUE,"https://doi.org/10.1016/j.envint.2022.107485, https://doi.org/10.1016/j.scitotenv.2024.170550",NO2B100_MAV_XX_%month%_%yr%_v2,C:/Users/5298954/Documents/Github_Repos/Exposome-Map-Documents/metadata_XMLs/metadata_Monthly_NO2_100m.xml,https://utrechtuniversity.github.io/Exposome-Map-Documents/metadata_XMLs/metadata_Monthly_NO2_100m.xml
47,Europe,Monthly PM10 100m,Physico-Chemical,Air pollution,No summary,grid,TIF,1-1-2000,31-12-2019,2000 - 2019,Monthly,Every month,100x100m,"Austria, Belgium, Czechia, Denmark, Estonia, France, Germany, Greece, Italy, Liechtenstein, Netherlands, Norway, Poland, Spain, Sweden, Switzerland, United Kingdom",Kees de Hoogh,microgram per cubed meter,ETRS89-extended / LAEA Europe (EPSG: 3035),#NUM!,,"01-01-2019, 01-06-2019, 01-12-2019",,4-3-2026,8-1-2026,environment,No lineage information,expanse_project_exposome_maps_P10B100_MAV_v2,Monthly_PM10_100m,pm10_monthly,P10B100_MAV,P10,,100,m,TRUE,"https://doi.org/10.1016/j.envint.2022.107485, https://doi.org/10.1016/j.scitotenv.2024.170550",P10B100_MAV_XX_%month%_%yr%_v2,C:/Users/5298954/Documents/Github_Repos/Exposome-Map-Documents/metadata_XMLs/metadata_Monthly_PM10_100m.xml,https://utrechtuniversity.github.io/Exposome-Map-Documents/metadata_XMLs/metadata_Monthly_PM10_100m.xml
48,Europe,Monthly PM2.5 100m,Physico-Chemical,Air pollution,No summary,grid,TIF,1-1-2000,31-12-2019,2000 - 2019,Monthly,Every month,100x100m,"Austria, Belgium, Czechia, Denmark, Estonia, France, Germany, Greece, Italy, Liechtenstein, Netherlands, Norway, Poland, Spain, Sweden, Switzerland, United Kingdom",Kees de Hoogh,microgram per cubed meter,ETRS89-extended / LAEA Europe (EPSG: 3035),#NUM!,,"01-01-2019, 01-06-2019, 01-12-2019",,4-3-2026,8-1-2026,environment,No lineage information,expanse_project_exposome_maps_P25B100_MAV_v2,Monthly_PM2.5_100m,pm25_monthly,P25B100_MAV,P25,,100,m,TRUE,"https://doi.org/10.1016/j.envint.2022.107485, https://doi.org/10.1016/j.scitotenv.2024.170550",P25B100_MAV_XX_%month%_%yr%_v2,C:/Users/5298954/Documents/Github_Repos/Exposome-Map-Documents/metadata_XMLs/metadata_Monthly_PM25_100m.xml,https://utrechtuniversity.github.io/Exposome-Map-Documents/metadata_XMLs/metadata_Monthly_PM25_100m.xml
49,Europe,Monthly O3 100m,Physico-Chemical,Air pollution,No summary,grid,TIF,1-1-2000,31-12-2019,2000 - 2019,Monthly,Every month,100x100m,"Austria, Belgium, Czechia, Denmark, Estonia, France, Germany, Greece, Italy, Liechtenstein, Netherlands, Norway, Poland, Spain, Sweden, Switzerland, United Kingdom",Kees de Hoogh,microgram per cubed meter,ETRS89-extended / LAEA Europe (EPSG: 3035),#NUM!,,"01-01-2019, 01-06-2019, 01-12-2019",,4-3-2026,8-1-2026,environment,No lineage information,expanse_project_exposome_maps_OZOB100_MAV_v2,Monthly_O3_100m,o3_monthly,OZOB100_MAV,OZO,,100,m,TRUE,"https://doi.org/10.1016/j.envint.2022.107485, https://doi.org/10.1016/j.scitotenv.2024.170550",OZOB100_MAV_XX_%month%_%yr%_v2,C:/Users/5298954/Documents/Github_Repos/Exposome-Map-Documents/metadata_XMLs/metadata_Monthly_O3_100m.xml,https://utrechtuniversity.github.io/Exposome-Map-Documents/metadata_XMLs/metadata_Monthly_O3_100m.xml
5,Europe,Yearly average temperature,Physico-Chemical,Temperature,No summary,grid,TIF,1-1-2003,31-12-2024,2003 - 2024,Annual,Every year,1x1km,Full EU,Kees de Hoogh,degrees C,ETRS89-extended / LAEA Europe (EPSG: 3035),-3.40E+38,,,,1-6-2026,1-6-2026,climatologyMeteorologyAtmosphere,No lineage information,expanse_project_exposome_maps_TMP_AVG_YEARLY_v3,Annual_average_temperature,yearly_avg_temp,TMP_AVG_YEARLY,TEMP,,1,km,TRUE,https://doi.org/10.1016/j.scitotenv.2024.172454,TMP_AVG_XX_XX_%yr%_v3.tif,C:/Users/5298954/Documents/Github_Repos/Exposome-Map-Documents/metadata_XMLs/metadata_Yearly_average_temperature.xml,https://utrechtuniversity.github.io/Exposome-Map-Documents/metadata_XMLs/metadata_Yearly_average_temperature.xml
9,Europe,Monthly average temperature,Physico-Chemical,Temperature,No summary,grid,TIF,1-1-2003,31-12-2024,2003 - 2024,Monthly,Every month,1x1km,Full EU,Kees de Hoogh,degrees C,ETRS89-extended / LAEA Europe (EPSG: 3035),-3.40E+38,,"01-01-2020, 01-06-2020, 01-12-2020,01-12-2020, 01-01-2020, 01-06-2020, 01-12-2020, 01-12-2020, 01-01-2021, 01-06-2021, 01-10-2021, 01-01-2022, 01-06-2022, 01-10-2022, 01-01-2023, 01-06-2023, 01-10-2023, 01-01-2024, 01-06-2024, 01-10-2024",,1-6-2026,1-6-2026,climatologyMeteorologyAtmosphere,No lineage information,expanse_project_exposome_maps_TEMP_AVG_MONTHLY_v3,Monthly_average_temperature,monthly_avg_temp,TEMP_AVG_MONTHLY,TEMP,,1,km,TRUE,https://doi.org/10.1016/j.scitotenv.2024.172454,TEMP_AVG_XX_%mo%_%yr%_v3.tif,C:/Users/5298954/Documents/Github_Repos/Exposome-Map-Documents/metadata_XMLs/metadata_Monthly_average_temperature.xml,https://utrechtuniversity.github.io/Exposome-Map-Documents/metadata_XMLs/metadata_Monthly_average_temperature.xml
75,Europe,Monthly minimum temperature,Physico-Chemical,Temperature,No summary,grid,TIF,1-1-2003,31-12-2024,2003 - 2024,Monthly,Every month,1x1km,Full EU,Kees de Hoogh,degrees C,ETRS89-extended / LAEA Europe (EPSG: 3035),-3.40E+38,,"01-01-2021, 01-06-2021, 01-10-2021, 01-01-2022, 01-06-2022, 01-10-2022, 01-01-2023, 01-06-2023, 01-10-2023, 01-01-2024, 01-06-2024, 01-10-2024",,1-6-2026,1-6-2026,climatologyMeteorologyAtmosphere,No lineage information,expanse_project_exposome_maps_TEMP_MIN_MONTHLY_v3,Monthly_minimum_temperature,monthly_min_temp,TEMP_MIN_MONTHLY,TEMP,,1,km,TRUE,,TEMP_MIN_XX_%mo%_%yr%_v3.tif,C:/Users/5298954/Documents/Github_Repos/Exposome-Map-Documents/metadata_XMLs/metadata_Monthly_minimum_temperature.xml,https://utrechtuniversity.github.io/Exposome-Map-Documents/metadata_XMLs/metadata_Monthly_minimum_temperature.xml
76,Europe,Monthly maximum temperature,Physico-Chemical,Temperature,No summary,grid,TIF,1-1-2003,31-12-2024,2003 - 2024,Monthly,Every month,1x1km,Full EU,Kees de Hoogh,degrees C,ETRS89-extended / LAEA Europe (EPSG: 3035),-3.40E+38,,"01-01-2021, 01-06-2021, 01-10-2021, 01-01-2022, 01-06-2022, 01-10-2022, 01-01-2023, 01-06-2023, 01-10-2023, 01-01-2024, 01-06-2024, 01-10-2024",,1-6-2026,1-6-2026,climatologyMeteorologyAtmosphere,No lineage information,expanse_project_exposome_maps_TEMP_MAX_MONTHLY_v3,Monthly_maximum_temperature,monthly_max_temp,TEMP_MAX_MONTHLY,TEMP,,1,km,TRUE,,TEMP_MAX_XX_%mo%_%yr%_v3.tif,C:/Users/5298954/Documents/Github_Repos/Exposome-Map-Documents/metadata_XMLs/metadata_Monthly_maximum_temperature.xml,https://utrechtuniversity.github.io/Exposome-Map-Documents/metadata_XMLs/metadata_Monthly_maximum_temperature.xml
6,Europe,Daily average temperature,Physico-Chemical,Temperature,No summary,grid,TIF,1-1-2003,31-12-2024,2003 - 2024,Daily,Every day,1x1km,Full EU,Kees de Hoogh,degrees C,ETRS89-extended / LAEA Europe (EPSG: 3035),-3.40E+38,,"01-12-2024, 15-12-2024, 30-12-2024, 01-11-2024, 15-11-2024, 30-11-2024",,1-6-2026,1-6-2026,climatologyMeteorologyAtmosphere,No lineage information,expanse_project_exposome_maps_TMP_AVG_DAILY_v3,Daily_average_temperature,daily_average_temperature,TMP_AVG_DAILY,TEMP,,1,km,TRUE,https://doi.org/10.1016/j.scitotenv.2024.172454,TMP_AVG_%day%_%mo%_%yr%_v3.tif,C:/Users/5298954/Documents/Github_Repos/Exposome-Map-Documents/metadata_XMLs/metadata_Daily_average_temperature.xml,https://utrechtuniversity.github.io/Exposome-Map-Documents/metadata_XMLs/metadata_Daily_average_temperature.xml
7,Europe,Daily minimum temperature,Physico-Chemical,Temperature,No summary,grid,TIF,1-1-2003,31-12-2024,2003 - 2024,Daily,Every day,1x1km,Full EU,Kees de Hoogh,degrees C,ETRS89-extended / LAEA Europe (EPSG: 3035),-3.40E+38,,"01-12-2024, 15-12-2024, 30-12-2024, 01-11-2024, 15-11-2024, 30-11-2024",,1-6-2026,1-6-2026,climatologyMeteorologyAtmosphere,No lineage information,expanse_project_exposome_maps_TMP_MIN_DAILY_v3,Daily_minimum_temperature,daily_minimum_temperature,TMP_MIN_DAILY,TEMP,,1,km,TRUE,https://doi.org/10.1016/j.scitotenv.2024.172454,TMP_MIN_%day%_%mo%_%yr%_v3.tif,C:/Users/5298954/Documents/Github_Repos/Exposome-Map-Documents/metadata_XMLs/metadata_Daily_minimum_temperature.xml,https://utrechtuniversity.github.io/Exposome-Map-Documents/metadata_XMLs/metadata_Daily_minimum_temperature.xml
8,Europe,Daily maximum temperature,Physico-Chemical,Temperature,No summary,grid,TIF,1-1-2003,31-12-2024,2003 - 2024,Daily,Every day,1x1km,Full EU,Kees de Hoogh,degrees C,ETRS89-extended / LAEA Europe (EPSG: 3035),-3.40E+38,,"01-12-2024, 15-12-2024, 30-12-2024, 01-11-2024, 15-11-2024, 30-11-2024",,1-6-2026,1-6-2026,climatologyMeteorologyAtmosphere,No lineage information,expanse_project_exposome_maps_TMP_MAX_DAILY_v3,Daily_maximum_temperature,daily_maximum_temperature,TMP_MAX_DAILY,TEMP,,1,km,TRUE,https://doi.org/10.1016/j.scitotenv.2024.172454,TMP_MAX_%day%_%mo%_%yr%_v3.tif,C:/Users/5298954/Documents/Github_Repos/Exposome-Map-Documents/metadata_XMLs/metadata_Daily_maximum_temperature.xml,https://utrechtuniversity.github.io/Exposome-Map-Documents/metadata_XMLs/metadata_Daily_maximum_temperature.xml
10,Europe,Urban-Rural indicator,Physico-Chemical,Urbanicity,No summary,grid,TIF,1-1-2015,31-12-2015,2015,Annual,Once,100x100m,Full EU,Kees de Hoogh,,ETRS89-extended / LAEA Europe (EPSG: 3035),-3.40E+38,,,,6-2-2026,8-1-2026,environment,No lineage information,expanse_project_exposome_maps_UR_B15_v3,Urban_Rural_indicator,urbanicity,UR_B15,UR,,100,m,TRUE,DOI:10.2760/19817,UR_B15_XX_XX_15_v3.tif,C:/Users/5298954/Documents/Github_Repos/Exposome-Map-Documents/metadata_XMLs/metadata_Urban_Rural_indicator.xml,https://utrechtuniversity.github.io/Exposome-Map-Documents/metadata_XMLs/metadata_Urban_Rural_indicator.xml
12,Europe,Daily mean of downward UV radiation at the surface,Physico-Chemical,UV radiation,No summary,grid,TIF,1-1-2000,31-12-2022,2000 - 2022,Daily,Every day,27x27km,Full EU,Kees de Hoogh,J/m2,ETRS89-extended / LAEA Europe (EPSG: 3035),#NUM!,,,,26-2-2026,8-1-2026,environment,No lineage information,expanse_project_exposome_maps_UV_AVG_v3,Daily_mean_of_downward_UV_radiation_at_the_surface,mean_uv,UV_AVG,UV,,27,km,FALSE,,UV_AVG_%day%_%month%_%year%_v3,C:/Users/5298954/Documents/Github_Repos/Exposome-Map-Documents/metadata_XMLs/metadata_Daily_mean_of_downward_UV_radiation_at_the_surface.xml,https://utrechtuniversity.github.io/Exposome-Map-Documents/metadata_XMLs/metadata_Daily_mean_of_downward_UV_radiation_at_the_surface.xml
13,Europe,Daily max of downward UV radiation at the surface,Physico-Chemical,UV radiation,No summary,grid,TIF,1-1-2000,31-12-2022,2000 - 2022,Daily,Every day,27x27km,Full EU,Kees de Hoogh,J/m2,ETRS89-extended / LAEA Europe (EPSG: 3035),#NUM!,,,,26-2-2026,8-1-2026,environment,No lineage information,expanse_project_exposome_maps_UV_MAX_v3,Daily_max_of_downward_UV_radiation_at_the_surface,max_uv,UV_MAX,UV,,27,km,FALSE,,UV_MAX_%day%_%month%_%year%_v3,C:/Users/5298954/Documents/Github_Repos/Exposome-Map-Documents/metadata_XMLs/metadata_Daily_max_of_downward_UV_radiation_at_the_surface.xml,https://utrechtuniversity.github.io/Exposome-Map-Documents/metadata_XMLs/metadata_Daily_max_of_downward_UV_radiation_at_the_surface.xml
14,Europe,Median NDVI within 300m,Built,NDVI,No summary,grid,TIF,1-1-2000,31-12-2020,2000 - 2020,Annual,Every 5 years,250x250m ,Full EU,Kees de Hoogh,index,ETRS89-extended / LAEA Europe (EPSG: 3035),-3.40E+38,"2000, 2005, 2010, 2015, 2020",,,6-2-2026,8-1-2026,environment,Date  are availble in 5-year intervals between the start and end years,expanse_project_exposome_maps_NDV_MD3_v2,Median_NDVI,median_ndvi,NDV_MD3,NDVI,,250,m,TRUE,,NDV_MD3_XX_XX_%yr%_v2,C:/Users/5298954/Documents/Github_Repos/Exposome-Map-Documents/metadata_XMLs/metadata_Median_NDVI_within_300m.xml,https://utrechtuniversity.github.io/Exposome-Map-Documents/metadata_XMLs/metadata_Median_NDVI_within_300m.xml
15,Europe,Median NDVI within 500m,Built,NDVI,No summary,grid,TIF,1-1-2000,31-12-2020,2000 - 2020,Annual,Every 5 years,250x250m ,Full EU,Kees de Hoogh,index,ETRS89-extended / LAEA Europe (EPSG: 3035),-3.40E+38,"2000, 2005, 2010, 2015, 2020",,,6-2-2026,8-1-2026,environment,Date  are availble in 5-year intervals between the start and end years,expanse_project_exposome_maps_NDV_MD5_v2,Median_NDVI,median_ndvi,NDV_MD5,NDVI,,250,m,TRUE,,NDV_MD5_XX_XX_%yr%_v2,C:/Users/5298954/Documents/Github_Repos/Exposome-Map-Documents/metadata_XMLs/metadata_Median_NDVI_within_500m.xml,https://utrechtuniversity.github.io/Exposome-Map-Documents/metadata_XMLs/metadata_Median_NDVI_within_500m.xml
16,Europe,Median NDVI within 1km,Built,NDVI,No summary,grid,TIF,1-1-2000,31-12-2020,2000 - 2020,Annual,Every 5 years,250x250m ,Full EU,Kees de Hoogh,index,ETRS89-extended / LAEA Europe (EPSG: 3035),-3.40E+38,"2000, 2005, 2010, 2015, 2020",,,6-2-2026,8-1-2026,environment,Date  are availble in 5-year intervals between the start and end years,expanse_project_exposome_maps_NDV_MD1_v2,Median_NDVI,median_ndvi,NDV_MD1,NDVI,,250,m,TRUE,,NDV_MD1_XX_XX_%yr%_v2,C:/Users/5298954/Documents/Github_Repos/Exposome-Map-Documents/metadata_XMLs/metadata_Median_NDVI_within_1km.xml,https://utrechtuniversity.github.io/Exposome-Map-Documents/metadata_XMLs/metadata_Median_NDVI_within_1km.xml
17,Europe,Standard deviation NDVI within 300m,Built,NDVI,No summary,grid,TIF,1-1-2000,31-12-2020,2000 - 2020,Annual,Every 5 years,250x250m ,Full EU,Kees de Hoogh,index,ETRS89-extended / LAEA Europe (EPSG: 3035),-3.40E+38,"2000, 2005, 2010, 2015, 2020",,,6-2-2026,8-1-2026,environment,Date  are availble in 5-year intervals between the start and end years,expanse_project_exposome_maps_NDV_ST3_v2,Standard_deviation_NDVI,sd_ndvi,NDV_ST3,NDVI,,250,m,TRUE,,NDV_ST3_XX_XX_%yr%_v2,C:/Users/5298954/Documents/Github_Repos/Exposome-Map-Documents/metadata_XMLs/metadata_Standard_deviation_NDVI_within_300m.xml,https://utrechtuniversity.github.io/Exposome-Map-Documents/metadata_XMLs/metadata_Standard_deviation_NDVI_within_300m.xml
18,Europe,Standard deviation NDVI within 500m,Built,NDVI,No summary,grid,TIF,1-1-2000,31-12-2020,2000 - 2020,Annual,Every 5 years,250x250m ,Full EU,Kees de Hoogh,index,ETRS89-extended / LAEA Europe (EPSG: 3035),-3.40E+38,"2000, 2005, 2010, 2015, 2020",,,6-2-2026,8-1-2026,environment,Date  are availble in 5-year intervals between the start and end years,expanse_project_exposome_maps_NDV_ST5_v2,Standard_deviation_NDVI,sd_ndvi,NDV_ST5,NDVI,,250,m,TRUE,,NDV_ST5_XX_XX_%yr%_v2,C:/Users/5298954/Documents/Github_Repos/Exposome-Map-Documents/metadata_XMLs/metadata_Standard_deviation_NDVI_within_500m.xml,https://utrechtuniversity.github.io/Exposome-Map-Documents/metadata_XMLs/metadata_Standard_deviation_NDVI_within_500m.xml
19,Europe,Standard deviation NDVI within 1km,Built,NDVI,No summary,grid,TIF,1-1-2000,31-12-2020,2000 - 2020,Annual,Every 5 years,250x250m ,Full EU,Kees de Hoogh,index,ETRS89-extended / LAEA Europe (EPSG: 3035),-3.40E+38,"2000, 2005, 2010, 2015, 2020",,,6-2-2026,8-1-2026,environment,Date  are availble in 5-year intervals between the start and end years,expanse_project_exposome_maps_NDV_ST1_v2,Standard_deviation_NDVI,sd_ndvi,NDV_ST1,NDVI,,250,m,TRUE,,NDV_ST1_XX_XX_%yr%_v2,C:/Users/5298954/Documents/Github_Repos/Exposome-Map-Documents/metadata_XMLs/metadata_Standard_deviation_NDVI_within_1km.xml,https://utrechtuniversity.github.io/Exposome-Map-Documents/metadata_XMLs/metadata_Standard_deviation_NDVI_within_1km.xml
20,Europe,Mean NDVI within 300m,Built,NDVI,No summary,grid,TIF,1-1-2000,31-12-2020,2000 - 2020,Annual,Every 5 years,250x250m ,Full EU,Kees de Hoogh,index,ETRS89-extended / LAEA Europe (EPSG: 3035),-3.40E+38,"2000, 2005, 2010, 2015, 2020",,,6-2-2026,8-1-2026,environment,Date  are availble in 5-year intervals between the start and end years,expanse_project_exposome_maps_NDV_ME3_v2,Mean_NDVI,mean_ndvi,NDV_ME3,NDVI,,250,m,TRUE,,NDV_ME3_XX_XX_%yr%_v2,C:/Users/5298954/Documents/Github_Repos/Exposome-Map-Documents/metadata_XMLs/metadata_Mean_NDVI_within_300m.xml,https://utrechtuniversity.github.io/Exposome-Map-Documents/metadata_XMLs/metadata_Mean_NDVI_within_300m.xml
21,Europe,Mean NDVI within 500m,Built,NDVI,No summary,grid,TIF,1-1-2000,31-12-2020,2000 - 2020,Annual,Every 5 years,250x250m ,Full EU,Kees de Hoogh,index,ETRS89-extended / LAEA Europe (EPSG: 3035),-3.40E+38,"2000, 2005, 2010, 2015, 2020",,,6-2-2026,8-1-2026,environment,Date  are availble in 5-year intervals between the start and end years,expanse_project_exposome_maps_NDV_ME5_v2,Mean_NDVI,mean_ndvi,NDV_ME5,NDVI,,250,m,TRUE,,NDV_ME5_XX_XX_%yr%_v2,C:/Users/5298954/Documents/Github_Repos/Exposome-Map-Documents/metadata_XMLs/metadata_Mean_NDVI_within_500m.xml,https://utrechtuniversity.github.io/Exposome-Map-Documents/metadata_XMLs/metadata_Mean_NDVI_within_500m.xml
22,Europe,Mean NDVI within 1km,Built,NDVI,No summary,grid,TIF,1-1-2000,31-12-2020,2000 - 2020,Annual,Every 5 years,250x250m ,Full EU,Kees de Hoogh,index,ETRS89-extended / LAEA Europe (EPSG: 3035),-3.40E+38,"2000, 2005, 2010, 2015, 2020",,,6-2-2026,8-1-2026,environment,Date  are availble in 5-year intervals between the start and end years,expanse_project_exposome_maps_NDV_ME1_v2,Mean_NDVI,mean_ndvi,NDV_ME1,NDVI,,250,m,TRUE,,NDV_ME1_XX_XX_%yr%_v2,C:/Users/5298954/Documents/Github_Repos/Exposome-Map-Documents/metadata_XMLs/metadata_Mean_NDVI_within_1km.xml,https://utrechtuniversity.github.io/Exposome-Map-Documents/metadata_XMLs/metadata_Mean_NDVI_within_1km.xml
23,Europe,Median MSAVI within 300m,Built,MSAVI,No summary,grid,TIF,1-1-2000,31-12-2020,2000 - 2020,Annual,Every 5 years,250x250m ,Full EU,Kees de Hoogh,index,ETRS89-extended / LAEA Europe (EPSG: 3035),-3.40E+38,"2000, 2005, 2010, 2015, 2020",,,6-2-2026,8-1-2026,environment,Date  are availble in 5-year intervals between the start and end years,expanse_project_exposome_maps_MVI_MD3_v2,Median_MSAVI,median_msavi,MVI_MD3,NDVI,,250,m,TRUE,,MVI_MD3_XX_XX_%yr%_v2,C:/Users/5298954/Documents/Github_Repos/Exposome-Map-Documents/metadata_XMLs/metadata_Median_MSAVI_within_300m.xml,https://utrechtuniversity.github.io/Exposome-Map-Documents/metadata_XMLs/metadata_Median_MSAVI_within_300m.xml
24,Europe,Median MSAVI within 500m,Built,MSAVI,No summary,grid,TIF,1-1-2000,31-12-2020,2000 - 2020,Annual,Every 5 years,250x250m ,Full EU,Kees de Hoogh,index,ETRS89-extended / LAEA Europe (EPSG: 3035),-3.40E+38,"2000, 2005, 2010, 2015, 2020",,,6-2-2026,8-1-2026,environment,Date  are availble in 5-year intervals between the start and end years,expanse_project_exposome_maps_MVI_MD5_v2,Median_MSAVI,median_msavi,MVI_MD5,NDVI,,250,m,TRUE,,MVI_MD5_XX_XX_%yr%_v2,C:/Users/5298954/Documents/Github_Repos/Exposome-Map-Documents/metadata_XMLs/metadata_Median_MSAVI_within_500m.xml,https://utrechtuniversity.github.io/Exposome-Map-Documents/metadata_XMLs/metadata_Median_MSAVI_within_500m.xml
25,Europe,Median MSAVI within 1km,Built,MSAVI,No summary,grid,TIF,1-1-2000,31-12-2020,2000 - 2020,Annual,Every 5 years,250x250m ,Full EU,Kees de Hoogh,index,ETRS89-extended / LAEA Europe (EPSG: 3035),-3.40E+38,"2000, 2005, 2010, 2015, 2020",,,6-2-2026,8-1-2026,environment,Date  are availble in 5-year intervals between the start and end years,expanse_project_exposome_maps_MVI_MD1_v2,Median_MSAVI,median_msavi,MVI_MD1,NDVI,,250,m,TRUE,,MVI_MD1_XX_XX_%yr%_v2,C:/Users/5298954/Documents/Github_Repos/Exposome-Map-Documents/metadata_XMLs/metadata_Median_MSAVI_within_1km.xml,https://utrechtuniversity.github.io/Exposome-Map-Documents/metadata_XMLs/metadata_Median_MSAVI_within_1km.xml
26,Europe,Standard deviation MSAVI within 300m,Built,MSAVI,No summary,grid,TIF,1-1-2000,31-12-2020,2000 - 2020,Annual,Every 5 years,250x250m ,Full EU,Kees de Hoogh,index,ETRS89-extended / LAEA Europe (EPSG: 3035),-3.40E+38,"2000, 2005, 2010, 2015, 2020",,,6-2-2026,8-1-2026,environment,Date  are availble in 5-year intervals between the start and end years,expanse_project_exposome_maps_MVI_ST3_v2,Standard_deviation_MSAVI,sd_msavi,MVI_ST3,NDVI,,250,m,TRUE,,MVI_ST3_XX_XX_%yr%_v2,C:/Users/5298954/Documents/Github_Repos/Exposome-Map-Documents/metadata_XMLs/metadata_Standard_deviation_MSAVI_within_300m.xml,https://utrechtuniversity.github.io/Exposome-Map-Documents/metadata_XMLs/metadata_Standard_deviation_MSAVI_within_300m.xml
27,Europe,Standard deviation MSAVI within 500m,Built,MSAVI,No summary,grid,TIF,1-1-2000,31-12-2020,2000 - 2020,Annual,Every 5 years,250x250m ,Full EU,Kees de Hoogh,index,ETRS89-extended / LAEA Europe (EPSG: 3035),-3.40E+38,"2000, 2005, 2010, 2015, 2020",,,6-2-2026,8-1-2026,environment,Date  are availble in 5-year intervals between the start and end years,expanse_project_exposome_maps_MVI_ST5_v2,Standard_deviation_MSAVI,sd_msavi,MVI_ST5,NDVI,,250,m,TRUE,,MVI_ST5_XX_XX_%yr%_v2,C:/Users/5298954/Documents/Github_Repos/Exposome-Map-Documents/metadata_XMLs/metadata_Standard_deviation_MSAVI_within_500m.xml,https://utrechtuniversity.github.io/Exposome-Map-Documents/metadata_XMLs/metadata_Standard_deviation_MSAVI_within_500m.xml
28,Europe,Standard deviation MSAVI within 1km,Built,MSAVI,No summary,grid,TIF,1-1-2000,31-12-2020,2000 - 2020,Annual,Every 5 years,250x250m ,Full EU,Kees de Hoogh,index,ETRS89-extended / LAEA Europe (EPSG: 3035),-3.40E+38,"2000, 2005, 2010, 2015, 2020",,,6-2-2026,8-1-2026,environment,No lineage information,expanse_project_exposome_maps_MVI_ST1_v2,Standard_deviation_MSAVI,sd_msavi,MVI_ST1,NDVI,,250,m,TRUE,,MVI_ST1_XX_XX_%yr%_v2,C:/Users/5298954/Documents/Github_Repos/Exposome-Map-Documents/metadata_XMLs/metadata_Standard_deviation_MSAVI_within_1km.xml,https://utrechtuniversity.github.io/Exposome-Map-Documents/metadata_XMLs/metadata_Standard_deviation_MSAVI_within_1km.xml
29,Europe,Mean MSAVI within 300m,Built,MSAVI,No summary,grid,TIF,1-1-2000,31-12-2020,2000 - 2020,Annual,Every 5 years,250x250m ,Full EU,Kees de Hoogh,index,ETRS89-extended / LAEA Europe (EPSG: 3035),-3.40E+38,"2000, 2005, 2010, 2015, 2020",,,6-2-2026,8-1-2026,environment,No lineage information,expanse_project_exposome_maps_MVI_ME3_v2,Mean_MSAVI,mean_msavi,MVI_ME3,NDVI,,250,m,TRUE,,MVI_ME3_XX_XX_%yr%_v2,C:/Users/5298954/Documents/Github_Repos/Exposome-Map-Documents/metadata_XMLs/metadata_Mean_MSAVI_within_300m.xml,https://utrechtuniversity.github.io/Exposome-Map-Documents/metadata_XMLs/metadata_Mean_MSAVI_within_300m.xml
30,Europe,Mean MSAVI within 500m,Built,MSAVI,No summary,grid,TIF,1-1-2000,31-12-2020,2000 - 2020,Annual,Every 5 years,250x250m ,Full EU,Kees de Hoogh,index,ETRS89-extended / LAEA Europe (EPSG: 3035),-3.40E+38,"2000, 2005, 2010, 2015, 2020",,,6-2-2026,8-1-2026,environment,No lineage information,expanse_project_exposome_maps_MVI_ME5_v2,Mean_MSAVI,mean_msavi,MVI_ME5,NDVI,,250,m,TRUE,,MVI_ME5_XX_XX_%yr%_v2,C:/Users/5298954/Documents/Github_Repos/Exposome-Map-Documents/metadata_XMLs/metadata_Mean_MSAVI_within_500m.xml,https://utrechtuniversity.github.io/Exposome-Map-Documents/metadata_XMLs/metadata_Mean_MSAVI_within_500m.xml
31,Europe,Mean MSAVI within 1km,Built,MSAVI,No summary,grid,TIF,1-1-2000,31-12-2020,2000 - 2020,Annual,Every 5 years,250x250m ,Full EU,Kees de Hoogh,index,ETRS89-extended / LAEA Europe (EPSG: 3035),-3.40E+38,"2000, 2005, 2010, 2015, 2020",,,6-2-2026,8-1-2026,environment,No lineage information,expanse_project_exposome_maps_MVI_ME1_v2,Mean_MSAVI,mean_msavi,MVI_ME1,NDVI,,250,m,TRUE,,MVI_ME1_XX_XX_%yr%_v2,C:/Users/5298954/Documents/Github_Repos/Exposome-Map-Documents/metadata_XMLs/metadata_Mean_MSAVI_within_1km.xml,https://utrechtuniversity.github.io/Exposome-Map-Documents/metadata_XMLs/metadata_Mean_MSAVI_within_1km.xml
32,Europe,Distance to nearest green space using CORINE,Built,Green Space,No summary,grid,TIF,1-1-2000,31-12-2018,2000 - 2018,Annual,Every 6 years,100x100m,Full EU,Kees de Hoogh,meter,ETRS89-extended / LAEA Europe (EPSG: 3035),65535,"2000, 2006, 2012, 2018",,,6-2-2026,8-1-2026,environment,No lineage information,expanse_project_exposome_maps_GSC_DIS_v2,Distance_to_nearest_green_space_using_CORINE,corine_greenspace,GSC_DIS,GSC,,,,TRUE,,GSC_DIS_XX_XX_%yr%_v2,C:/Users/5298954/Documents/Github_Repos/Exposome-Map-Documents/metadata_XMLs/metadata_Distance_to_nearest_green_space_using_CORINE.xml,https://utrechtuniversity.github.io/Exposome-Map-Documents/metadata_XMLs/metadata_Distance_to_nearest_green_space_using_CORINE.xml
33,Europe,Distance to nearest green space using URBAN ATLAS,Built,Green Space,No summary,grid,TIF,1-1-2006,31-12-2018,2006 - 2018,Annual,Every 6 years,0.25/1 ha,EU Urban agglomerations,Kees de Hoogh,meter,ETRS89-extended / LAEA Europe (EPSG: 3035),65535,"2006, 2012, 2018",,,6-2-2026,8-1-2026,environment,No lineage information,expanse_project_exposome_maps_GSU_DIS_v2,Distance_to_nearest_green_space_using_URBAN_ATLAS,urban_greenspace,GSU_DIS,GSU,,,,TRUE,,GSU_DIS_XX_XX_%yr%_v2,C:/Users/5298954/Documents/Github_Repos/Exposome-Map-Documents/metadata_XMLs/metadata_Distance_to_nearest_green_space_using_URBAN_ATLAS.xml,https://utrechtuniversity.github.io/Exposome-Map-Documents/metadata_XMLs/metadata_Distance_to_nearest_green_space_using_URBAN_ATLAS.xml
34,Europe,Light-at-night 300m buffer,Built,Light at Night,No summary,grid,TIF,1-1-2000,31-12-2020,2000 - 2020,Annual,Every 5 years,100x100m,Full EU,Kees de Hoogh,RAD,ETRS89-extended / LAEA Europe (EPSG: 3035),255,"2000, 2005, 2010, 2015, 2020",,,6-2-2026,8-1-2026,environment,No lineage information,expanse_project_exposome_maps_LAN_B03_v2,Light_at_night,light_at_night,LAN_B03,LAN,dark,100,m,TRUE,,LAN_B03_XX_XX_%yr%_v2,C:/Users/5298954/Documents/Github_Repos/Exposome-Map-Documents/metadata_XMLs/metadata_Light_at_night_300m_buffer.xml,https://utrechtuniversity.github.io/Exposome-Map-Documents/metadata_XMLs/metadata_Light_at_night_300m_buffer.xml
35,Europe,Light-at-night 500m buffer,Built,Light at Night,No summary,grid,TIF,1-1-2000,31-12-2020,2000 - 2020,Annual,Every 5 years,100x100m,Full EU,Kees de Hoogh,RAD,ETRS89-extended / LAEA Europe (EPSG: 3035),255,"2000, 2005, 2010, 2015, 2020",,,6-2-2026,8-1-2026,environment,No lineage information,expanse_project_exposome_maps_LAN_B05_v2,Light_at_night,light_at_night,LAN_B05,LAN,dark,100,m,TRUE,,LAN_B05_XX_XX_%yr%_v2,C:/Users/5298954/Documents/Github_Repos/Exposome-Map-Documents/metadata_XMLs/metadata_Light_at_night_500m_buffer.xml,https://utrechtuniversity.github.io/Exposome-Map-Documents/metadata_XMLs/metadata_Light_at_night_500m_buffer.xml
36,Europe,Light-at-night 1000m buffer,Built,Light at Night,No summary,grid,TIF,1-1-2000,31-12-2020,2000 - 2020,Annual,Every 5 years,100x100m,Full EU,Kees de Hoogh,RAD,ETRS89-extended / LAEA Europe (EPSG: 3035),255,"2000, 2005, 2010, 2015, 2020",,,6-2-2026,8-1-2026,environment,No lineage information,expanse_project_exposome_maps_LAN_B10_v2,Light_at_night,light_at_night,LAN_B10,LAN,dark,100,m,TRUE,,LAN_B10_XX_XX_%yr%_v2,C:/Users/5298954/Documents/Github_Repos/Exposome-Map-Documents/metadata_XMLs/metadata_Light_at_night_1000m_buffer.xml,https://utrechtuniversity.github.io/Exposome-Map-Documents/metadata_XMLs/metadata_Light_at_night_1000m_buffer.xml
37,Europe,Imperviousness 300m buffer,Built,Imperviousness,No summary,grid,TIF,1-1-2006,31-12-2018,2006 - 2018,Annual,Every 3 years,100x100m,Full EU,Kees de Hoogh,percent,ETRS89-extended / LAEA Europe (EPSG: 3035),255,"2006, 2009, 2012, 2015, 2018",,,6-2-2026,8-1-2026,environment,No lineage information,expanse_project_exposome_maps_IMP_B03_v2,Imperviousness,imperviousness,IMP_B03,IMP,,100,m,TRUE,,IMP_B03_XX_XX_%yr%_v2,C:/Users/5298954/Documents/Github_Repos/Exposome-Map-Documents/metadata_XMLs/metadata_Imperviousness_300m_buffer.xml,https://utrechtuniversity.github.io/Exposome-Map-Documents/metadata_XMLs/metadata_Imperviousness_300m_buffer.xml
38,Europe,Imperviousness 500m buffer,Built,Imperviousness,No summary,grid,TIF,1-1-2006,31-12-2018,2006 - 2018,Annual,Every 3 years,100x100m,Full EU,Kees de Hoogh,percent,ETRS89-extended / LAEA Europe (EPSG: 3035),255,"2006, 2009, 2012, 2015, 2018",,,6-2-2026,8-1-2026,environment,No lineage information,expanse_project_exposome_maps_IMP_B05_v2,Imperviousness,imperviousness,IMP_B05,IMP,,100,m,TRUE,,IMP_B05_XX_XX_%yr%_v2,C:/Users/5298954/Documents/Github_Repos/Exposome-Map-Documents/metadata_XMLs/metadata_Imperviousness_500m_buffer.xml,https://utrechtuniversity.github.io/Exposome-Map-Documents/metadata_XMLs/metadata_Imperviousness_500m_buffer.xml
39,Europe,Imperviousness 1000m buffer,Built,Imperviousness,No summary,grid,TIF,1-1-2006,31-12-2018,2006 - 2018,Annual,Every 3 years,100x100m,Full EU,Kees de Hoogh,percent,ETRS89-extended / LAEA Europe (EPSG: 3035),255,"2006, 2009, 2012, 2015, 2018",,,6-2-2026,8-1-2026,environment,No lineage information,expanse_project_exposome_maps_IMP_B10_v2,Imperviousness,imperviousness,IMP_B10,IMP,,100,m,TRUE,,IMP_B10_XX_XX_%yr%_v2,C:/Users/5298954/Documents/Github_Repos/Exposome-Map-Documents/metadata_XMLs/metadata_Imperviousness_1000m_buffer.xml,https://utrechtuniversity.github.io/Exposome-Map-Documents/metadata_XMLs/metadata_Imperviousness_1000m_buffer.xml
40,Europe,Distance to nearest blue space,Built,Blue spaces,No summary,grid,TIF,1-1-2013,31-12-2013,2013,Annual,Once,100x100m,Full EU,Kees de Hoogh,meter,ETRS89-extended / LAEA Europe (EPSG: 3035),32767,,,,6-2-2026,8-1-2026,environment,No lineage information,expanse_project_exposome_maps_BSW_DIS_v2,Distance_to_nearest_blue_space,nearest_blue,BSW_DIS,BSW,,100,m,TRUE,,BSW_DIS_XX_XX_%yr%_v2,C:/Users/5298954/Documents/Github_Repos/Exposome-Map-Documents/metadata_XMLs/metadata_Distance_to_nearest_blue_space.xml,https://utrechtuniversity.github.io/Exposome-Map-Documents/metadata_XMLs/metadata_Distance_to_nearest_blue_space.xml
42,Europe,Distance to nearest inland freshwater,Built,Blue spaces,No summary,grid,TIF,1-1-2013,31-12-2013,2013,Annual,Once,100x100m,Full EU,Kees de Hoogh,meter,ETRS89-extended / LAEA Europe (EPSG: 3035),65535,,,,6-2-2026,8-1-2026,environment,No lineage information,expanse_project_exposome_maps_BSI_DIS_v2,Distance_to_nearest_inland_freshwater,nearest_freshwater,BSI_DIS,BSI,,100,m,TRUE,,BSI_DIS_XX_XX_%yr%_v2,C:/Users/5298954/Documents/Github_Repos/Exposome-Map-Documents/metadata_XMLs/metadata_Distance_to_nearest_inland_freshwater.xml,https://utrechtuniversity.github.io/Exposome-Map-Documents/metadata_XMLs/metadata_Distance_to_nearest_inland_freshwater.xml
43,Europe,Walkability 300m buffer,Built,Walkability,No summary,grid,TIF,1-1-2020,31-12-2020,2020,Annual,Once,100x100m,Full EU,Kees de Hoogh,index,ETRS89-extended / LAEA Europe (EPSG: 3035),9999,,,,6-2-2026,8-1-2026,environment,No lineage information,expanse_project_exposome_maps_WAL_B03_v3,Walkability,walkability,WAL_B03,WAL,,100,m,TRUE,,WAL_B03_XX_XX_20_v3,C:/Users/5298954/Documents/Github_Repos/Exposome-Map-Documents/metadata_XMLs/metadata_Walkability_300m_buffer.xml,https://utrechtuniversity.github.io/Exposome-Map-Documents/metadata_XMLs/metadata_Walkability_300m_buffer.xml
44,Europe,Walkability 500m buffer,Built,Walkability,No summary,grid,TIF,1-1-2020,31-12-2020,2020,Annual,Once,100x100m,Full EU,Kees de Hoogh,index,ETRS89-extended / LAEA Europe (EPSG: 3035),9999,,,,6-2-2026,8-1-2026,environment,No lineage information,expanse_project_exposome_maps_WAL_B05_v3,Walkability,walkability,WAL_B05,WAL,,100,m,TRUE,,WAL_B05_XX_XX_20_v3,C:/Users/5298954/Documents/Github_Repos/Exposome-Map-Documents/metadata_XMLs/metadata_Walkability_500m_buffer.xml,https://utrechtuniversity.github.io/Exposome-Map-Documents/metadata_XMLs/metadata_Walkability_500m_buffer.xml
45,Europe,Walkability 1000m buffer,Built,Walkability,No summary,grid,TIF,1-1-2020,31-12-2020,2020,Annual,Once,100x100m,Full EU,Kees de Hoogh,index,ETRS89-extended / LAEA Europe (EPSG: 3035),9999,,,,6-2-2026,8-1-2026,environment,No lineage information,expanse_project_exposome_maps_WAL_B10_v3,Walkability,walkability,WAL_B10,WAL,,100,m,TRUE,,WAL_B10_XX_XX_20_v3,C:/Users/5298954/Documents/Github_Repos/Exposome-Map-Documents/metadata_XMLs/metadata_Walkability_1000m_buffer.xml,https://utrechtuniversity.github.io/Exposome-Map-Documents/metadata_XMLs/metadata_Walkability_1000m_buffer.xml
51,Netherlands,Nitrogen dioxide along road networks Amsterdam,Physico-Chemical,Air pollution,No summary,vector,ESRI Shapefile (polyline),25-5-2019,15-3-2020,2019-2020,Annual,Once,,Amsterdam,Jules Kerckhoffs,µg/m3,,,,,,15-4-2026,15-4-2026,,No lineage information,expanse_project_exposome_maps_Nitrogen_dioxide_roads,Nitrogen_dioxide_roads,Nitrogen_dioxide_roads,,,,,,FALSE,https://doi.org/10.1016/j.envint.2022.107575,,,
52,Netherlands,Black carbon along road networks Amsterdam ,Physico-Chemical,Air pollution,No summary,vector,ESRI Shapefile (polyline),25-5-2019,15-3-2020,2019-2020,Annual,Once,,Amsterdam,Jules Kerckhoffs,µg/m3,,,,,,15-4-2026,15-4-2026,,No lineage information,expanse_project_exposome_maps_Black_carbon_roads,Black_carbon_roads,Black_carbon_roads,,,,,,FALSE,https://doi.org/10.1016/j.envint.2022.107575,,,
53,Netherlands,Ultrafine particles along road networks Amsterdam,Physico-Chemical,Air pollution,No summary,vector,ESRI Shapefile (polyline),25-5-2019,15-3-2020,2019-2020,Annual,Once,,Amsterdam,Jules Kerckhoffs,particles/cm3,,,,,,15-4-2026,15-4-2026,,No lineage information,expanse_project_exposome_maps_Ultrafine_particles_roads,Ultrafine_particles_roads,Ultrafine_particles_roads,,,,,,FALSE,https://doi.org/10.1016/j.envint.2022.107575,,,
54,Netherlands,Ultrafine particles,Physico-Chemical,Air pollution,No summary,grid,TIF,1-1-2016,31-12-2016,2016-2017,Annual,Once,25x25m,Netherlands,Jules Kerckhoffs,particles per cubed meter,Amersfoort / RD New (EPSG: 28992),,,,,4-3-2026,4-3-2026,,No lineage information,expanse_project_exposome_maps_Ultrafine_particles,Ultrafine_particles,Ultrafine_particles,,,,25,m,FALSE,https://doi.org/10.1016/j.envint.2021.106569,,,
55,Netherlands,Annual mean BC concentration,Physico-Chemical,Air pollution,No summary,grid,TIF,1-1-2010,31-12-2010,2010,Annual,Once,100x100m,Netherlands,Kees de Hoogh,m-1,Amersfoort / RD New (EPSG: 28992),,,,,18-3-2026,18-3-2026,,No lineage information,expanse_project_exposome_maps_Annual_mean_BC_concentration,Annual_mean_BC_concentration,Annual_mean_BC_concentration,,,,100,m,FALSE,https://doi.org/10.1016/j.envint.2018.07.036,,,
58,Netherlands,PM2.5 Cu estimates,Physico-Chemical,Air pollution,No summary,Grid,TIF,1-10-2008,30-4-2011,2008-2011,Annual,Once,100x100m,Netherlands,Gerard Hoek,ng/m3,,,,,Data collected between October 2008 and April 2011 ,20-3-2026,20-3-2026,,No lineage information,expanse_project_exposome_maps_PM2_5_Cu_estimates_random_forest,PM2_5_Cu_estimates,PM2_5_Cu_estimates_random_forest,,,,100,m,FALSE,https://pubs.acs.org/doi/10.1021/acs.est.0c06595,,,
59,Netherlands,PMC Cu estimates,Physico-Chemical,Air pollution,No summary,Grid,TIF,1-10-2008,30-4-2011,2008-2011,Annual,Once,100x100m,Netherlands,Gerard Hoek,ng/m3,,,,,Data collected between October 2008 and April 2011 ,20-3-2026,20-3-2026,,No lineage information,expanse_project_exposome_maps_PMC_Cu_estimates_random_forest,PMC_Cu_estimates,PMC_Cu_estimates_random_forest,,,,100,m,FALSE,https://pubs.acs.org/doi/10.1021/acs.est.0c06595,,,
60,Netherlands,PM2.5 Fe estimates,Physico-Chemical,Air pollution,No summary,Grid,TIF,1-10-2008,30-4-2011,2008-2011,Annual,Once,100x100m,Netherlands,Gerard Hoek,ng/m3,,,,,Data collected between October 2008 and April 2011,20-3-2026,20-3-2026,,No lineage information,expanse_project_exposome_maps_PM2_5_Fe_estimates_random_forest,PM2_5_Fe_estimates,PM2_5_Fe_estimates_random_forest,,,,100,m,FALSE,https://pubs.acs.org/doi/10.1021/acs.est.0c06595,,,
61,Netherlands,PMC Fe estimates,Physico-Chemical,Air pollution,No summary,Grid,TIF,1-10-2008,30-4-2011,2008-2011,Annual,Once,100x100m,Netherlands,Gerard Hoek,ng/m3,,,,,Data collected between October 2008 and April 2011,20-3-2026,20-3-2026,,No lineage information,expanse_project_exposome_maps_PMC_Fe_estimates_random_forest,PMC_Fe_estimates,PMC_Fe_estimates_random_forest,,,,100,m,FALSE,https://pubs.acs.org/doi/10.1021/acs.est.0c06595,,,
62,Netherlands,PM2.5 K estimates,Physico-Chemical,Air pollution,No summary,Grid,TIF,1-10-2008,30-4-2011,2008-2011,Annual,Once,100x100m,Netherlands,Gerard Hoek,ng/m3,,,,,Data collected between October 2008 and April 2011,20-3-2026,20-3-2026,,No lineage information,expanse_project_exposome_maps_PM2_5_K_estimates_random_forest,PM2_5_K_estimates,PM2_5_K_estimates_random_forest,,,,100,m,FALSE,https://pubs.acs.org/doi/10.1021/acs.est.0c06595,,,
63,Netherlands,PMC K estimates,Physico-Chemical,Air pollution,No summary,Grid,TIF,1-10-2008,30-4-2011,2008-2011,Annual,Once,100x100m,Netherlands,Gerard Hoek,ng/m3,,,,,Data collected between October 2008 and April 2011,20-3-2026,20-3-2026,,No lineage information,expanse_project_exposome_maps_PMC_K_estimates_random_forest,PMC_K_estimates,PMC_K_estimates_random_forest,,,,100,m,FALSE,https://pubs.acs.org/doi/10.1021/acs.est.0c06595,,,
64,Netherlands,PM2.5 mass,Physico-Chemical,Air pollution,No summary,Grid,TIF,1-10-2008,30-4-2011,2008-2011,Annual,Once,100x100m,Netherlands,Gerard Hoek,µg/m3,,,,,Data collected between October 2008 and April 2011,20-3-2026,20-3-2026,,No lineage information,expanse_project_exposome_maps_PM2_5_mass_estimates_random_forest,PM2_5_mass_estimates,PM2_5_mass_estimates_random_forest,,,,100,m,FALSE,https://pubs.acs.org/doi/10.1021/acs.est.0c06595,,,
65,Netherlands,PM2.5 Ni estimates,Physico-Chemical,Air pollution,No summary,Grid,TIF,1-10-2008,30-4-2011,2008-2011,Annual,Once,100x100m,Netherlands,Gerard Hoek,ng/m3,,,,,Data collected between October 2008 and April 2011,20-3-2026,20-3-2026,,No lineage information,expanse_project_exposome_maps_PM2_5_Ni_estimates_random_forest,PM2_5_Ni_estimates,PM2_5_Ni_estimates_random_forest,,,,100,m,FALSE,https://pubs.acs.org/doi/10.1021/acs.est.0c06595,,,
66,Netherlands,PM2.5 S estimates,Physico-Chemical,Air pollution,No summary,Grid,TIF,1-10-2008,30-4-2011,2008-2011,Annual,Once,100x100m,Netherlands,Gerard Hoek,ng/m3,,,,,Data collected between October 2008 and April 2011,20-3-2026,20-3-2026,,No lineage information,expanse_project_exposome_maps_PM2_5_S_estimates_random_forest,PM2_5_S_estimates,PM2_5_S_estimates_random_forest,,,,100,m,FALSE,https://pubs.acs.org/doi/10.1021/acs.est.0c06595,,,
67,Netherlands,PM2.5 Si estimates,Physico-Chemical,Air pollution,No summary,Grid,TIF,1-10-2008,30-4-2011,2008-2011,Annual,Once,100x100m,Netherlands,Gerard Hoek,ng/m3,,,,,Data collected between October 2008 and April 2011,20-3-2026,20-3-2026,,No lineage information,expanse_project_exposome_maps_PM2_5_Si_estimates_random_forest,PM2_5_Si_estimates,PM2_5_Si_estimates_random_forest,,,,100,m,FALSE,https://pubs.acs.org/doi/10.1021/acs.est.0c06595,,,
68,Netherlands,PMC Si estimates,Physico-Chemical,Air pollution,No summary,Grid,TIF,1-10-2008,30-4-2011,2008-2011,Annual,Once,100x100m,Netherlands,Gerard Hoek,ng/m3,,,,,Data collected between October 2008 and April 2011,20-3-2026,20-3-2026,,No lineage information,expanse_project_exposome_maps_PMC_Si_estimates_random_forest,PMC_Si_estimates,PMC_Si_estimates_random_forest,,,,100,m,FALSE,https://pubs.acs.org/doi/10.1021/acs.est.0c06595,,,
69,Netherlands,PM2.5 V estimates,Physico-Chemical,Air pollution,No summary,Grid,TIF,1-10-2008,30-4-2011,2008-2011,Annual,Once,100x100m,Netherlands,Gerard Hoek,ng/m3,,,,,Data collected between October 2008 and April 2011,20-3-2026,20-3-2026,,No lineage information,expanse_project_exposome_maps_PM2_5_V_estimates_random_forest,PM2_5_V_estimates,PM2_5_V_estimates_random_forest,,,,100,m,FALSE,https://pubs.acs.org/doi/10.1021/acs.est.0c06595,,,
70,Netherlands,PM2.5 Zn estimates,Physico-Chemical,Air pollution,No summary,Grid,TIF,1-10-2008,30-4-2011,2008-2011,Annual,Once,100x100m,Netherlands,Gerard Hoek,ng/m3,,,,,Data collected between October 2008 and April 2011,20-3-2026,20-3-2026,,No lineage information,expanse_project_exposome_maps_PM2_5_Zn_estimates_random_forest,PM2_5_Zn_estimates,PM2_5_Zn_estimates_random_forest,,,,100,m,FALSE,https://pubs.acs.org/doi/10.1021/acs.est.0c06595,,,
71,Netherlands,PMC Zn estimates,Physico-Chemical,Air pollution,No summary,Grid,TIF,1-10-2008,30-4-2011,2008-2011,Annual,Once,100x100m,Netherlands,Gerard Hoek,ng/m3,,,,,Data collected between October 2008 and April 2011,20-3-2026,20-3-2026,,No lineage information,expanse_project_exposome_maps_PMC_Zn_estimates_random_forest,PMC_Zn_estimates,PMC_Zn_estimates_random_forest,,,,100,m,FALSE,https://pubs.acs.org/doi/10.1021/acs.est.0c06595,,,
56,Netherlands,"Area of crops within 50, 100, 250 and 500 buffers around BAG addresses",Physico-Chemical,Pesticides,No summary,,RDA,1-1-2005,31-12-2022,2005-2022,Annual,Every year,,Netherlands,Anke Huss ,,,,,,,18-3-2026,18-3-2026,,No lineage information,expanse_project_exposome_maps_Area_of_crops_BAG,Area_of_crops_BAG,Area_of_crops_BAG,,,,,,FALSE,https://doi.org/10.1016/j.scitotenv.2022.152932,,,
72,Netherlands,Drinking water,Physico-Chemical,Chemicals,No summary,Vector,CSV,,,,Annual,Once,,Netherlands,Anke Huss,,,,,,,25-3-2026,25-3-2026,,No lineage information,expanse_project_exposome_maps_drinking_water,Drinking_Water,Drinking_Water,,,,,,FALSE,,,,
73,Netherlands,Local Climate Zones,Physico-Chemical,Weather,No summary,Grid,TIF,24-4-2019,24-4-2019,2019,Annual,Once,100x100m,Netherlands,,Zone,ETRS89-extended / LAEA Europe (EPSG: 3035),,,,,25-3-2026,25-3-2026,,No lineage information,expanse_project_exposome_local_climate_zones,Local_Climate_Zones,Local_Climate_Zones,,,,100,m,FALSE,"https://doi.org/10.1371/journal.pone.0214474, https://doi.org/10.6084/m9.figshare.13322450",,,
74,Netherlands,Power line voltage ,Physico-Chemical,Electromagnetic fields,No summary,Vector,ESRI Shapefile (polyline),1-1-2010,31-12-2010,2010,Annual,Once,,Netherlands,,Polyline,Amersfoort / RD New (EPSG: 28992),,,,,,,,No lineage information,expanse_project_exposome_Power_lines_voltage,Power_lines_voltage,Power_lines_voltage,,,,,,FALSE,,,,
50,Netherlands,"Food facilities serving an address within rings of 0-500 , 500-1000 and 1000-1500m",Food,Food landscape,No summary,vector,CSV,1-1-2005,31-12-2020,2005 - 2020,Annual,Every 5 years,,Netherlands,Jeroen Lakervaeld,Number of facilities,Amersfoort / RD New (EPSG: 28992),,"2005, 2010, 2015, 2020",,,20-3-2026,20-3-2026,,No lineage information,expanse_project_exposome_maps_Food_facilities,Food_facilities,Food_facilities,,,,,,FALSE,https://doi.org/10.1016/j.healthplace.2023.103075,FastF_800m.tif,,
77,Europe,Count of fast food outlets in a 800m buffer,Food,Food landscape,No summary,Grid,TIF,1-1-2020,31-12-2020,2020,Annual,Once,100x100m,"Netherlands, Spain, Switzerland",Kees de Hoogh,Count,ETRS89-extended / LAEA Europe (EPSG: 3035),,,,Data must not be linked to endpoints from before 2019.,9-6-2026,9-6-2026,,No lineage information,expanse_project_exposome_maps_Count_of_fast_food_outlets_in_a_800m_buffer,Count_of_fast_food_outlets_in_a_800m_buffer,Count_of_fast_food_outlets_in_a_800m_buffer,FastF_800m,,,100,m,FALSE,https://doi.org/10.1016/j.healthplace.2023.103075,Rest_800m.tif,,
78,Europe,Count of restaurants in a 800m buffer,Food,Food landscape,No summary,Grid,TIF,1-1-2020,31-12-2020,2020,Annual,Once,100x100m,"Netherlands, Spain, Switzerland",Kees de Hoogh,Count,ETRS89-extended / LAEA Europe (EPSG: 3035),,,,Data must not be linked to endpoints from before 2019.,9-6-2026,9-6-2026,,No lineage information,expanse_project_exposome_maps_Count_of_restaurants_in_a_800m_buffer,Count_of_restaurants_in_a_800m_buffer,Count_of_restaurants_in_a_800m_buffer,Rest_800m,,,100,m,FALSE,https://doi.org/10.1016/j.healthplace.2023.103075,Superm_800m.tif,,
79,Europe,Count of supermarkets in a 800m buffer,Food,Food landscape,No summary,Grid,TIF,1-1-2020,31-12-2020,2020,Annual,Once,100x100m,"Netherlands, Spain, Switzerland",Kees de Hoogh,Count,ETRS89-extended / LAEA Europe (EPSG: 3035),,,,Data must not be linked to endpoints from before 2019.,9-6-2026,9-6-2026,,No lineage information,expanse_project_exposome_maps_Count_of_supermarkets_in_a_800m_buffer,Count_of_supermarkets_in_a_800m_buffer,Count_of_supermarkets_in_a_800m_buffer,Superm_800m,,,100,m,FALSE,https://doi.org/10.1016/j.healthplace.2023.103075,,,
